{
  "src\\App.tsx": 1776860101.902911,
  "src\\main.tsx": 1750062010.7888238,
  "src\\vite-env.d.ts": 1748906240.6236942,
  "src\\components\\AboutMe.tsx": 1776711523.663092,
  "src\\components\\CertificationBadge.tsx": 1750057508.3816316,
  "src\\components\\ChatMessage.tsx": 1750057647.1511507,
  "src\\components\\CircularProgress.tsx": 1750057918.477934,
  "src\\components\\ContactSection.tsx": 1776301438.9094417,
  "src\\components\\EducationSection.tsx": 1776301318.4431942,
  "src\\components\\ExperienceSection.tsx": 1776859971.479688,
  "src\\components\\FlipCard.tsx": 1750059142.1148818,
  "src\\components\\FloatingTechLogos.tsx": 1750059160.6350827,
  "src\\components\\HeroSection.tsx": 1776859974.7921815,
  "src\\components\\HireMeButton.tsx": 1750059382.1441424,
  "src\\components\\PortfolioChatBot.tsx": 1776861236.5913577,
  "src\\components\\Portfolio_knowledge_base.ts": 1776296810.9888995,
  "src\\components\\ProjectCard.tsx": 1750060024.0719504,
  "src\\components\\ProjectsSection.tsx": 1776301652.9421685,
  "src\\components\\SkillCard.tsx": 1750060526.122278,
  "src\\components\\Skills.tsx": 1776301180.2439544,
  "src\\components\\TechBadge.tsx": 1750060779.9368272,
  "src\\components\\ui\\accordion.tsx": 1748906240.660255,
  "src\\components\\ui\\alert-dialog.tsx": 1748906240.6618552,
  "src\\components\\ui\\alert.tsx": 1748906240.662871,
  "src\\components\\ui\\aspect-ratio.tsx": 1748906240.6464171,
  "src\\components\\ui\\avatar.tsx": 1748906240.647861,
  "src\\components\\ui\\badge.tsx": 1748906240.6648786,
  "src\\components\\ui\\breadcrumb.tsx": 1748906240.6668706,
  "src\\components\\ui\\button.tsx": 1748906240.6678696,
  "src\\components\\ui\\calendar.tsx": 1748906240.6688783,
  "src\\components\\ui\\card.tsx": 1748906240.670876,
  "src\\components\\ui\\carousel.tsx": 1748906240.650418,
  "src\\components\\ui\\chart.tsx": 1748906240.6718762,
  "src\\components\\ui\\checkbox.tsx": 1748906240.672876,
  "src\\components\\ui\\collapsible.tsx": 1748906240.6519344,
  "src\\components\\ui\\command.tsx": 1748906240.67515,
  "src\\components\\ui\\context-menu.tsx": 1748906240.6771567,
  "src\\components\\ui\\dialog.tsx": 1748906240.6781554,
  "src\\components\\ui\\drawer.tsx": 1748906240.652943,
  "src\\components\\ui\\dropdown-menu.tsx": 1748906240.6803594,
  "src\\components\\ui\\form.tsx": 1748906240.681368,
  "src\\components\\ui\\hover-card.tsx": 1748906240.681873,
  "src\\components\\ui\\input-otp.tsx": 1748906240.6841474,
  "src\\components\\ui\\input.tsx": 1748906240.6857562,
  "src\\components\\ui\\label.tsx": 1748906240.6877713,
  "src\\components\\ui\\menubar.tsx": 1748906240.688779,
  "src\\components\\ui\\navigation-menu.tsx": 1748906240.6907928,
  "src\\components\\ui\\pagination.tsx": 1748906240.6930304,
  "src\\components\\ui\\popover.tsx": 1748906240.695564,
  "src\\components\\ui\\progress.tsx": 1748906240.696068,
  "src\\components\\ui\\radio-group.tsx": 1748906240.6971457,
  "src\\components\\ui\\resizable.tsx": 1748906240.6991553,
  "src\\components\\ui\\scroll-area.tsx": 1748906240.6539443,
  "src\\components\\ui\\select.tsx": 1748906240.70016,
  "src\\components\\ui\\separator.tsx": 1748906240.6559994,
  "src\\components\\ui\\sheet.tsx": 1748906240.702173,
  "src\\components\\ui\\sidebar.tsx": 1748906240.7031825,
  "src\\components\\ui\\skeleton.tsx": 1748906240.7046883,
  "src\\components\\ui\\slider.tsx": 1748906240.7068615,
  "src\\components\\ui\\sonner.tsx": 1748906240.707989,
  "src\\components\\ui\\switch.tsx": 1748906240.7090995,
  "src\\components\\ui\\table.tsx": 1748906240.71186,
  "src\\components\\ui\\tabs.tsx": 1748906240.7128706,
  "src\\components\\ui\\textarea.tsx": 1748906240.714947,
  "src\\components\\ui\\toast.tsx": 1748906240.716212,
  "src\\components\\ui\\toaster.tsx": 1748906240.658008,
  "src\\components\\ui\\toggle-group.tsx": 1748906240.6592486,
  "src\\components\\ui\\toggle.tsx": 1748906240.7172234,
  "src\\components\\ui\\tooltip.tsx": 1748906240.7192192,
  "src\\hooks\\use-mobile.tsx": 1748906240.7233903,
  "src\\hooks\\use-mouse-parallax.ts": 1748904416.481517,
  "src\\hooks\\use-toast.ts": 1748906240.7245693,
  "src\\hooks\\use-typewriter.ts": 1748904416.479453,
  "src\\lib\\groqConfig.ts": 1749137749.4518888,
  "src\\lib\\utils.ts": 1748906240.728728,
  "src\\pages\\HomePage.tsx": 1776303374.781705,
  "src\\pages\\NotFound.tsx": 1750061052.654796
}